Date,Open,High,Low,Close,Adj Close,Volume
9/18/2019,734975.875,731490.6875,725478.5,725961,725961,1.15101E+12
9/19/2019,726121,735039.75,703342.8125,732951.1875,732951.1875,1.42341E+12
9/20/2019,732944.3125,732415.8125,721472.4375,724993.9375,724993.9375,1.04916E+12
9/21/2019,725136.875,725453.6875,712110.4375,713463.9375,713463.9375,9.5596E+11
9/22/2019,713777.125,717307.0625,706490.9375,717018.5625,717018.5625,9.39824E+11
9/23/2019,716845.5625,713261,688686.5,688840.875,688840.875,1.07227E+12
9/24/2019,688840.6875,695793.75,594059.875,611785.25,611785.25,1.77441E+12
9/25/2019,610569,620775.875,591001.3125,602472.6875,602472.6875,1.54361E+12
9/26/2019,602520.75,604371.375,560365.0625,576215.6875,576215.6875,1.36678E+12
9/27/2019,575799.3125,584457.375,562864.125,583067.125,583067.125,1.15944E+12
9/28/2019,583026.75,584211.5625,572917.0625,581412.25,581412.25,9.9708E+11
9/29/2019,581420.875,582515,563392.5625,571408.5,571408.5,9.19043E+11
9/30/2019,571411.375,587364.75,553209.5,585926.1875,585926.1875,1.20913E+12
10/1/2019,586339.6875,604270.875,585425.875,593290.375,593290.375,1.08836E+12
10/2/2019,593356.9375,597178.3125,585413.625,597178.3125,597178.3125,9.33915E+11
10/3/2019,597016.9375,597643.8125,578623.25,586688.8125,586688.8125,9.70866E+11
10/4/2019,586653.5,585018.4375,577311.3125,581185.625,581185.625,9.30602E+11
10/5/2019,581483.8125,581862.5625,571635.125,577328,577328,8.64097E+11
10/6/2019,577213,578038.1875,563691.75,565767.3125,565767.3125,9.32126E+11
10/7/2019,565835.625,590651.875,562024.875,586185.4375,586185.4375,1.28032E+12
10/8/2019,586272.6875,593456,582990.0625,586053.9375,586053.9375,1.11048E+12
10/9/2019,586129.25,613596.875,580995.25,611323.4375,611323.4375,1.37864E+12
10/10/2019,610579.5,612307.9375,601422.375,609553.5625,609553.5625,1.25075E+12
10/11/2019,609467.625,619682.5,590864.6875,591260.8125,591260.8125,1.39289E+12
10/12/2019,590828,597902.9375,590662.875,592312.25,592312.25,1.03254E+12
10/13/2019,592336.875,600796.375,587010.4375,590159,590159,9.79339E+11
10/14/2019,590146.6875,597777.1875,590219.5,596671.25,596671.25,1.07949E+12
10/15/2019,596583.75,601366.0625,585063.5,586683.875,586683.875,1.08826E+12
10/16/2019,586634.1875,586387,569850.3125,574306.125,574306.125,1.14694E+12
10/17/2019,574326.5,578630.5625,569107.0625,576431.25,576431.25,1.01809E+12
10/18/2019,576219.4375,578563.875,561768.8125,566819.3125,566819.3125,1.11268E+12
10/19/2019,566861.6875,574598.1875,564798.1875,567910.75,567910.75,9.80894E+11
10/20/2019,568568.125,588340.3125,564728.125,584096.375,584096.375,1.10142E+12
10/21/2019,584312.125,588397.375,581285.75,584640.5625,584640.5625,1.1254E+12
10/22/2019,584617.9375,587767.9375,572027.25,572292.25,572292.25,1.19042E+12
10/23/2019,572152.3125,572377.4375,528267.875,531475.1875,531475.1875,1.55191E+12
10/24/2019,531125.5625,534905.875,528807.625,532109.625,532109.625,1.15523E+12
10/25/2019,531911.8125,615708.6875,529882.0625,613524.0625,613524.0625,2.03347E+12
10/26/2019,614011.1875,709940.375,613660.1875,654913.8125,654913.8125,3.15211E+12
10/27/2019,654682.5,690656.625,645532.4375,676643.4375,676643.4375,2.3089E+12
10/28/2019,677591.8125,693664.0625,654827.125,654827.125,654827.125,2.18944E+12
10/29/2019,654281.875,674645.75,654544.8125,668372.0625,668372.0625,2.0153E+12
10/30/2019,668001.6875,667821.9375,643629,652155.3125,652155.3125,1.9628E+12
10/31/2019,651923.75,666016.75,640858.375,652986.5625,652986.5625,1.88691E+12
11/1/2019,652589.5625,655835.375,645681.4375,654806.4375,654806.4375,1.71988E+12
11/2/2019,654713,661320.125,652300.4375,657598.75,657598.75,1.49808E+12
11/3/2019,657603.625,661483.75,644660.3125,651296.6875,651296.6875,1.49029E+12
11/4/2019,651314.4375,672853.1875,650656.1875,666309.5,666309.5,1.85257E+12
11/5/2019,666337.3125,669325.125,655136.25,661194,661194,1.85414E+12
11/6/2019,661076.3125,669144.0625,660812.5625,664716.0625,664716.0625,1.64274E+12
11/7/2019,664113.4375,665602.125,653799.5625,658432.4375,658432.4375,1.61279E+12
11/8/2019,658276.625,661861.75,626371.3125,628466,628466,1.73682E+12
11/9/2019,628793.5,634671.3125,627629.625,629087.0625,629087.0625,1.25471E+12
11/10/2019,629009.0625,649746.3125,628501.875,646299.125,646299.125,1.46937E+12
11/11/2019,646398.4375,649933.5625,622689.5,626781.8125,626781.8125,1.45037E+12
11/12/2019,626922.3125,635611.9375,623526.8125,632876.3125,632876.3125,1.45804E+12
11/13/2019,632615.8125,637591.25,632166.125,635529.25,635529.25,1.26595E+12
11/14/2019,635794.3125,635238.0625,625566.4375,626685,626685,1.37345E+12
11/15/2019,626513.25,625436.125,607811.8125,608323.875,608323.875,1.56142E+12
11/16/2019,608264.6875,615620.8125,607164.375,612666.1875,612666.1875,1.1819E+12
11/17/2019,612573.75,625299.125,609048.625,614565.8125,614565.8125,1.33751E+12
11/18/2019,614279.5625,622561.0625,595243,597812.375,597812.375,1.55254E+12
11/19/2019,597513.6875,604244.375,582071.4375,589701.8125,589701.8125,1.51509E+12
11/20/2019,589519.8125,591254.25,574980.125,576182.875,576182.875,1.49042E+12
11/21/2019,575922.75,581903.625,545115.9375,548371.125,548371.125,1.61541E+12
11/22/2019,548429.9375,552615.125,498004.1875,523840.2813,523840.2813,2.45834E+12
11/23/2019,523810.625,534299.125,513418.875,531107.0625,531107.0625,1.50829E+12
11/24/2019,531167.1875,531889.3125,504658.8125,505996.1563,505996.1563,2.18494E+12
11/25/2019,505426.125,524756.125,474380.7188,512302.0313,512302.0313,3.06008E+12
11/26/2019,512232.125,522945.5313,507110.625,515668.875,515668.875,1.50946E+12
11/27/2019,515848.1563,542812.5625,496826.9688,536541.4375,536541.4375,1.7091E+12
11/28/2019,536908.8125,553143.9375,533397.5625,534040.5,534040.5,1.36318E+12
11/29/2019,534299.625,558330.75,535339.125,556900.25,556900.25,1.41425E+12
11/30/2019,557102.1875,562271.625,539292.25,543151.25,543151.25,1.23117E+12
12/1/2019,543293.75,543275.375,523165.25,532704.625,532704.625,1.34324E+12
12/2/2019,532686.25,535458.5625,518164.5,524510.5625,524510.5625,1.22367E+12
12/3/2019,524652.875,532347.625,518749.75,525264.375,525264.375,1.06181E+12
12/4/2019,525262.875,539020,512650,518448.7188,518448.7188,1.54878E+12
12/5/2019,518535.0313,552842.25,516376.9375,531771.875,531771.875,1.34337E+12
12/6/2019,531932.8125,538078.25,527039.875,538078.25,538078.25,1.29079E+12
12/7/2019,538097.375,541140.8125,536560.625,538737.125,538737.125,1.10179E+12
12/8/2019,538387.8125,544293.375,532992.375,539284.25,539284.25,1.09862E+12
12/9/2019,539102.4375,540655.875,522763.9063,525241.75,525241.75,1.26838E+12
12/10/2019,524974.5625,525859.8125,513253.1875,515525.1875,515525.1875,1.29262E+12
12/11/2019,515459.875,518105.6563,509006.5313,510555.7188,510555.7188,1.15662E+12
12/12/2019,510507.0313,512805.9688,505615.0313,511147.2188,511147.2188,1.33568E+12
12/13/2019,511255.0313,515578.1563,510881.6875,513890.375,513890.375,1.21061E+12
12/14/2019,513835.0938,516658,501698.1563,503639.625,503639.625,1.21141E+12
12/15/2019,503608.9375,507606.6563,489461.4063,505572.75,505572.75,1.19327E+12
12/16/2019,505668.9688,508462.75,489497,491538.8438,491538.8438,1.4332E+12
12/17/2019,491456.25,494693,467976.6875,471708.9375,471708.9375,1.58861E+12
12/18/2019,472219.2188,520073.25,464342.875,516652.3125,516652.3125,2.26039E+12
12/19/2019,516708.2813,523310.9688,501569.625,513070.8438,513070.8438,1.84523E+12
12/20/2019,513483.4688,516034.625,503819.875,513254.25,513254.25,1.60925E+12
12/21/2019,513380.5938,513567.7813,505711.9688,511287.7813,511287.7813,1.37311E+12
12/22/2019,511289.9063,534532.625,509586.9063,534074.4375,534074.4375,1.64487E+12
12/23/2019,533883.4375,545278.25,521776.5625,523873,523873,1.9822E+12
12/24/2019,523785,536995.125,518026.5938,521803.625,521803.625,1.63838E+12
12/25/2019,522033.3438,524261.2188,514567.7813,518427.5625,518427.5625,1.53633E+12
12/26/2019,518402.1875,526791.875,513393.3125,516144.125,516144.125,1.62473E+12
12/27/2019,516085.25,525958.5,513559,520712.8125,520712.8125,1.62693E+12
12/28/2019,520637.2813,528495,520485.4063,522705.7188,522705.7188,1.5261E+12
12/29/2019,522681.2813,536733.5625,520012.625,530212.125,530212.125,1.6033E+12
12/30/2019,530042.1875,531692.9375,518960.8438,520151,520151,1.63143E+12
12/31/2019,520253.9688,523013.5313,511212.3125,512910.8125,512910.8125,1.5093E+12
1/1/2020,513003,516711.4063,511056.875,512853.9688,512853.9688,1.3224E+12
1/2/2020,513023.2813,514590.875,494834.9688,498416.75,498416.75,1.48424E+12
1/3/2020,498342.4375,532015.625,496227.0313,527076.25,527076.25,2.01731E+12
1/4/2020,527111.5,532996.625,524538.0625,531796.125,531796.125,1.32358E+12
1/5/2020,531781.4375,541420.625,531089.4375,531863.1875,531863.1875,1.41554E+12
1/6/2020,531801.0625,558713.125,531963.5,557805,557805,1.67116E+12
1/7/2020,557766.4375,588557.5625,559052.1875,587512.375,587512.375,2.07028E+12
1/8/2020,587385.9375,599920.875,568486.875,577281.125,577281.125,2.26291E+12
1/9/2020,577455,575428.375,558348.9375,560959.5625,560959.5625,1.71198E+12
1/10/2020,560905.1875,579751.875,548531.5,579751.875,579751.875,2.03848E+12
1/11/2020,579442.125,583178.8125,569787.375,570347.625,570347.625,1.81099E+12
1/12/2020,570044.1875,581895.4375,568341.3125,581358.3125,581358.3125,1.62528E+12
1/13/2020,581165.125,579820.625,571468.4375,576030,576030,1.59019E+12
1/14/2020,575799.3125,629158.6875,576826.625,625492.125,625492.125,3.17727E+12
1/15/2020,625320.625,628744.6875,612270.9375,622867,622867,2.83623E+12
1/16/2020,623253.9375,627706,611076.4375,619001.5,619001.5,2.2219E+12
1/17/2020,619102.5,636418.125,616468.6875,634351.875,634351.875,2.58401E+12
1/18/2020,634222.1875,640259.875,627126.375,635330.25,635330.25,2.2974E+12
1/19/2020,635233.375,651116,612445.4375,618567.375,618567.375,2.4311E+12
1/20/2020,618452.75,621273.625,608123.25,615025.9375,615025.9375,1.87701E+12
1/21/2020,615121.75,623231.1875,608199,622532.8125,622532.8125,1.71525E+12
1/22/2020,622412.9375,625266.25,614155.625,617293.625,617293.625,1.60709E+12
1/23/2020,617277.5625,619705.5625,594446.625,599645.0625,599645.0625,1.83825E+12
1/24/2020,599577.4375,607312.875,589636.5625,602374.8125,602374.8125,1.74019E+12
1/25/2020,601995.75,603303.375,591732,596840.9375,596840.9375,1.40136E+12
1/26/2020,596595.75,613582.25,593831.625,613184.875,613184.875,1.58186E+12
1/27/2020,613219,641458.5625,614277.6875,636606.5625,636606.5625,2.04685E+12
1/28/2020,636799.875,666709.6875,634641.3125,666709.6875,666709.6875,2.45058E+12
1/29/2020,666629.9375,670772.625,661005.75,664368.875,664368.875,2.18798E+12
1/30/2020,664325.1875,683717.25,660655.3125,680558.6875,680558.6875,2.31735E+12
1/31/2020,680510,680792.4375,659991.25,668553.5,668553.5,2.10439E+12
2/1/2020,668255.25,674902.1875,665887.25,671581.1875,671581.1875,1.85344E+12
2/2/2020,671362.8125,677009.5625,659065.1875,668112.75,668112.75,2.20472E+12
2/3/2020,668135.5625,680458.4375,659650.5,662852,662852,2.20635E+12
2/4/2020,662803.5625,663546.3125,648012,652858.25,652858.25,2.1257E+12
2/5/2020,653032.6875,690635.5625,652364.125,684379.6875,684379.6875,2.50746E+12
2/6/2020,684692.6875,700524.8125,680217.625,693764.0625,693764.0625,2.68305E+12
2/7/2020,693493.1875,703339.625,695564.8125,700566.6875,700566.6875,2.46893E+12
2/8/2020,700361.25,706345.625,692196.9375,705513.875,705513.875,2.51536E+12
2/9/2020,705426.3125,724414.5,704458.5625,723501.875,723501.875,2.56083E+12
2/10/2020,723422.1875,724824.125,697644.3125,702781.3125,702781.3125,2.80828E+12
2/11/2020,702730,727826.625,693558.5,727697.125,727697.125,2.68375E+12
2/12/2020,727280.1875,741127.9375,727492.5,736310.6875,736310.6875,3.09784E+12
2/13/2020,736161.375,745404,721064.8125,728065.625,728065.625,3.51803E+12
2/14/2020,727864,738300.375,724248.0625,737593.6875,737593.6875,3.09985E+12
2/15/2020,737718.1875,739699.4375,706287.1875,707359.875,707359.875,3.13753E+12
2/16/2020,707342.375,719139.875,695422.5,710589.75,710589.75,3.10251E+12
2/17/2020,710741.875,710903.25,678785.4375,691482.6875,691482.6875,3.28241E+12
2/18/2020,691560.3125,727619.875,689702.625,726014.75,726014.75,3.3839E+12
2/19/2020,726143.75,730122,688591.8125,689985.5625,689985.5625,3.36578E+12
2/20/2020,689694.625,690410.4375,684231.1875,690676.4375,690676.4375,3.22932E+12
2/21/2020,690914.125,697942.375,689003.875,696334.0625,696334.0625,2.94239E+12
2/22/2020,696425,697181.5625,690172.375,694662,694662,2.57631E+12
2/23/2020,694671.8125,714347.8125,694274.4375,713421.3125,713421.3125,2.96059E+12
2/24/2020,713210.5625,715378.75,687787.6875,695287.375,695287.375,3.24801E+12
2/25/2020,695369.375,695472,668640.1875,671481.8125,671481.8125,3.056E+12
2/26/2020,671236.3125,672421.4375,623430.1875,632196,632196,3.61377E+12
2/27/2020,632523.625,640131.1875,614757.875,629795.5,629795.5,3.25994E+12
2/28/2020,630099.125,637712.875,613249.0625,625934.4375,625934.4375,3.2194E+12
2/29/2020,625844.75,633381.25,620669.5625,620669.5625,620669.5625,2.58332E+12
3/1/2020,620687.5625,629856.5625,611409.75,617995.125,617995.125,2.55133E+12
3/2/2020,618053.625,645929.5,615842.625,642377,642377,3.10392E+12
3/3/2020,642066.875,651223.125,637684.0625,645247.625,645247.625,3.11227E+12
3/4/2020,645303.125,650208.5,639858.4375,643466.8125,643466.8125,2.55371E+12
3/5/2020,643837.125,674889.3125,643614.375,670517.5,670517.5,2.93192E+12
3/6/2020,670483.9375,678042.875,667335.3125,675041,675041,3.02107E+12
3/7/2020,674971.0625,678126.9375,657962.1875,659383.8125,659383.8125,2.68024E+12
3/8/2020,659254.4375,659708.6875,599818.8125,600030.75,600030.75,2.95816E+12
3/9/2020,600255,605200.0625,571518.875,589784.625,589784.625,3.49368E+12
3/10/2020,589673.125,600579.75,577471.9375,587119.4375,587119.4375,3.13344E+12
3/11/2020,587146.1875,585056.6875,565759.1875,586831.125,586831.125,2.8693E+12
3/12/2020,586993.3125,588143,361788.2188,370008.5625,370008.5625,4.01811E+12
3/13/2020,373510.2813,430809.0625,309974.4063,411486.1875,411486.1875,5.48456E+12
3/14/2020,412179.25,416036.125,379045,384613.875,384613.875,2.67395E+12
3/15/2020,384665.6875,431477.5938,382315.0313,398630.2188,398630.2188,2.51332E+12
3/16/2020,398106.4375,398106.4375,339365.6875,372605.9375,372605.9375,3.37112E+12
3/17/2020,371721.5625,397345.5313,370185.75,386826.6875,386826.6875,2.85904E+12
3/18/2020,386936.5625,399461,376360.1563,392791.2188,392791.2188,2.84025E+12
3/19/2020,393314.4375,475737.875,390219.625,465331.3125,465331.3125,3.83323E+12
3/20/2020,465365.9375,514568.625,443687.7188,468767.7188,468767.7188,4.11712E+12
3/21/2020,469353.3125,482331.1563,448655.5313,467730.8125,467730.8125,3.21354E+12
3/22/2020,467767.9688,480936.8438,439904.5625,440398.625,440398.625,3.029E+12
3/23/2020,440483.2188,493379.8438,440036.4063,491303.625,491303.625,3.55993E+12
3/24/2020,492860.1563,516593.6563,488411.0625,511582.4375,511582.4375,3.66298E+12
3/25/2020,511879.6563,523761.9063,497116.9063,506731.9063,506731.9063,3.38198E+12
3/26/2020,506285,510282.125,496497.1875,501893.4063,501893.4063,2.63931E+12
3/27/2020,502113.7188,506582.3438,484200.75,484432.5938,484432.5938,2.58963E+12
3/28/2020,484242.125,484260.625,458079.2188,467390.5,467390.5,2.61207E+12
3/29/2020,467647.375,468010,446353.1563,446500.7188,446500.7188,2.13927E+12
3/30/2020,446764.25,491463.0313,445531.8438,484874.4063,484874.4063,2.79784E+12
3/31/2020,484932.0625,490440.4688,481058,485055.25,485055.25,2.46997E+12
4/1/2020,484955.4063,506430.5625,475039.7813,505986.5625,505986.5625,3.08997E+12
4/2/2020,505986.5625,540461,503136.6563,517483.9688,517483.9688,3.63041E+12
4/3/2020,517771.2813,534118.125,510159.7813,514565.4688,514565.4688,2.97858E+12
4/4/2020,514947.2188,525689.625,511745.3438,524816.4375,524816.4375,2.53607E+12
4/5/2020,524435.125,526030.5,513231.3125,517755.6875,517755.6875,2.24987E+12
4/6/2020,517520.9063,552472.875,517127.5,552472.875,552472.875,3.56299E+12
4/7/2020,552614.4375,560828,539678.3125,542859.875,542859.875,3.3468E+12
4/8/2020,543076.875,557804,541362.1875,557164.125,557164.125,2.85364E+12
4/9/2020,557457.9375,557722.5,547764.875,554308.9375,554308.9375,2.64285E+12
4/10/2020,554439.9375,554439.9375,517736.4375,522989.25,522989.25,3.32304E+12
4/11/2020,523137.5625,527603.75,517232.4063,522500.9375,522500.9375,2.37839E+12
4/12/2020,522423.625,542372.625,518844.0625,531033.3125,531033.3125,2.72404E+12
4/13/2020,530616.25,530616.25,508771.5313,521994.0313,521994.0313,2.94506E+12
4/14/2020,521860.125,528885.125,517808.0938,519791.875,519791.875,2.59123E+12
4/15/2020,520029.9375,526873,507432.75,508125.4063,508125.4063,2.47008E+12
4/16/2020,507998.7188,548413.8125,501604.9063,546993.3125,546993.3125,3.59573E+12
4/17/2020,null,null,null,null,null,null
4/18/2020,542560.3125,556158.9375,542327.4375,555218.625,555218.625,2.48224E+12
4/19/2020,555467.8125,556967.1875,548286.8125,550494.25,550494.25,2.3975E+12
4/20/2020,550298.9375,554054.375,523975.4688,527109.1875,527109.1875,2.89116E+12
4/21/2020,526942.625,532105.5,525722.4375,529577.8125,529577.8125,2.50843E+12
4/22/2020,529509.8125,546419.25,528578.875,543825.8125,543825.8125,2.54057E+12
4/23/2020,544139,569225.8125,539298.8125,564617.4375,564617.4375,3.30582E+12
4/24/2020,564956.1875,578047.5,564956.1875,576269.6875,576269.6875,2.64339E+12
4/25/2020,576237.75,583173.625,573918.625,577601.25,577601.25,2.51351E+12
4/26/2020,577616.75,587412.875,576950.5625,585831.8125,585831.8125,2.52264E+12
4/27/2020,585797.625,593921.875,585797.625,593921.875,593921.875,2.75508E+12
4/28/2020,594026.25,594383.875,588210.75,593896.1875,593896.1875,2.52466E+12
4/29/2020,593869.875,667758.25,591778.6875,662441.8125,662441.8125,4.53125E+12
4/30/2020,662188.3125,707954.4375,643129.3125,652947.5625,652947.5625,5.04985E+12
5/1/2020,654020.5,684844.9375,653642,672472.375,672472.375,3.34298E+12
5/2/2020,672797.8125,683024.0625,664460.75,681614.25,681614.25,3.04343E+12
5/3/2020,681236.4375,691337.8125,667630.25,672054.6875,672054.6875,3.55775E+12
5/4/2020,671924.5,677503.125,654676.875,674153.1875,674153.1875,3.45817E+12
5/5/2020,674166.5625,684506.8125,670900.3125,683718.375,683718.375,3.27682E+12
5/6/2020,684050.3125,717596.6875,680948.6875,706511.875,706511.875,3.76337E+12
5/7/2020,705988.4375,756565.5625,695609.125,753450.375,753450.375,4.62697E+12
5/8/2020,752287.75,757394.25,738056.4375,742885.0625,742885.0625,3.9082E+12
5/9/2020,742752.25,748843.625,723377,724377.5625,724377.5625,3.51593E+12
5/10/2020,724171.625,724504.75,634124.4375,661405.1875,661405.1875,4.78319E+12
5/11/2020,661337.5,685381.1875,636116.9375,653199.75,653199.75,4.33754E+12
5/12/2020,653852.0625,672719.0625,650758.1875,663584.6875,663584.6875,3.17625E+12
5/13/2020,663653.25,702900.625,663653.25,699292.625,699292.625,3.43673E+12
5/14/2020,699393.8125,739127.375,698492.375,734847.1875,734847.1875,4.25995E+12
5/15/2020,734890.125,736516.125,702727.125,707795.625,707795.625,3.65415E+12
5/16/2020,708178.25,725703.1875,702673.6875,711499.6875,711499.6875,2.74407E+12
5/17/2020,711341.5625,745339.9375,709415.5,733332.25,733332.25,3.03959E+12
5/18/2020,733708.0625,751174.4375,727210.4375,735426.3125,735426.3125,3.16255E+12
5/19/2020,735463.25,744117.625,721839.4375,736585.4375,736585.4375,2.97194E+12
5/20/2020,736304.6875,742369.875,713875.875,719366,719366,2.7607E+12
5/21/2020,719347.8125,721803,670624.375,686917.1875,686917.1875,2.97451E+12
5/22/2020,686809.25,701472.3125,683291.75,697830.8125,697830.8125,2.26547E+12
5/23/2020,698019.6875,706944.5,692931.5625,699860.6875,699860.6875,2.10718E+12
5/24/2020,700088.3125,705873.125,667787.1875,668024.0625,668024.0625,2.47127E+12
5/25/2020,667700.25,679157.5625,661574.3125,675890.25,675890.25,2.37426E+12
5/26/2020,676091.4375,680399.8125,661631.0625,666958.125,666958.125,2.23331E+12
5/27/2020,667133.9375,698497.9375,666890.5625,696799.8125,696799.8125,2.48487E+12
5/28/2020,697097.8125,722656.25,692675.375,721099.1875,721099.1875,2.60159E+12
5/29/2020,721296.375,724728.5,709007.6875,712872.875,712872.875,2.48446E+12
5/30/2020,712857,732879.4375,707405.375,732606.3125,732606.3125,2.47134E+12
5/31/2020,732583,732601,712357.25,714529.4375,714529.4375,2.09753E+12
6/1/2020,714721.75,770001.875,713482.375,767767,767767,2.658E+12
6/2/2020,767442.6875,763553.9375,709429.875,715364.75,715364.75,2.93788E+12
6/3/2020,715661.75,729389.9375,712922.25,727420.75,727420.75,1.88376E+12
6/4/2020,727355.75,745624.75,719737.1875,739536.4375,739536.4375,1.95601E+12
6/5/2020,739504.6875,745899.25,730684.625,730371.125,730371.125,1.77649E+12
6/6/2020,730323.6875,738524.5,724741,729475.4375,729475.4375,1.54442E+12
6/7/2020,729424.375,738194.1875,714700.4375,736968.5,736968.5,1.8891E+12
6/8/2020,737059.9375,738466.4375,730342.125,736812.8125,736812.8125,1.62016E+12
6/9/2020,737029.25,741707.875,730532.0625,739674.75,739674.75,1.79094E+12
6/10/2020,739555.375,749608.5,735070.0625,746965.1875,746965.1875,1.94546E+12
6/11/2020,746964,751236.4375,705290.5625,708222.8125,708222.8125,2.29803E+12
6/12/2020,708139.9375,724027.375,705493,720136.4375,720136.4375,1.71743E+12
6/13/2020,720128.25,721075.875,713692.6875,719713.625,719713.625,1.33413E+12
6/14/2020,719886.5625,720244.875,710019.25,712992.6875,712992.6875,1.44256E+12
6/15/2020,712935.5625,721046.75,684210.75,718047.8125,718047.8125,2.0286E+12
6/16/2020,718318.625,726470.375,714233.125,728741.8125,728741.8125,1.64769E+12
6/17/2020,728417.8125,728927,711676,724133.625,724133.625,1.54124E+12
6/18/2020,724233.8125,724326.625,712640,719070.6875,719070.6875,1.35765E+12
6/19/2020,718952.5625,718565.4375,707185.9375,708232.3125,708232.3125,1.497E+12
6/20/2020,708456.625,716387.75,705133.5,711612,711612,1.30624E+12
6/21/2020,711504.125,716855.625,709179.6875,709423.625,709423.625,1.16851E+12
6/22/2020,709216.6875,731543.6875,708956.6875,731276.8125,731276.8125,1.59947E+12
6/23/2020,730925,730299.75,723541.9375,728123,728123,1.2859E+12
6/24/2020,728311.375,732440.75,702283.5,705452.875,705452.875,1.43624E+12
6/25/2020,705492,705446.875,689129.875,699862.625,699862.625,1.40625E+12
6/26/2020,699574.1875,705131.9375,688660.8125,692973.125,692973.125,1.38713E+12
6/27/2020,693344.1875,696368.3125,680517.125,684084.8125,684084.8125,1.30633E+12
6/28/2020,684317,695592.0625,678801.0625,691438.1875,691438.1875,1.10109E+12
6/29/2020,691169.5,697373.9375,682942.5,694011.0625,694011.0625,1.24295E+12
6/30/2020,693612.875,695808.25,686641.0625,690443.9375,690443.9375,1.18896E+12
7/1/2020,691047.75,703142.5625,687681.0625,696325.6875,696325.6875,1.20514E+12
7/2/2020,696538.0625,692955.75,675871.6875,683252.1875,683252.1875,1.22362E+12
7/3/2020,683359.4375,687875.6875,676505.8125,678634.875,678634.875,9.7673E+11
7/4/2020,678405.5625,685803.4375,676120.0625,682009.1875,682009.1875,9.1785E+11
7/5/2020,681531.4375,684226.8125,670295,677638,677638,9.63621E+11
7/6/2020,677556.375,699483.0625,676498.6875,699483.0625,699483.0625,1.33468E+12
7/7/2020,697519.875,698375.5625,688525.9375,693029.3125,693029.3125,1.03664E+12
7/8/2020,693084.9375,708260.5,692829.625,706560.625,706560.625,1.4765E+12
7/9/2020,706535.1875,706637.0625,693951.125,697124.25,697124.25,1.35253E+12
7/10/2020,696777.8125,698034.3125,686015.6875,697383.125,697383.125,1.26718E+12
7/11/2020,697285.75,698489.8125,691421.375,694832.4375,694832.4375,9.96334E+11
7/12/2020,694885.75,700778.375,691606.875,697210,697210,1.08622E+12
7/13/2020,697263,699493.1875,693621.25,695231.125,695231.125,1.3177E+12
7/14/2020,694861.8125,699261.375,691401,696265.9375,696265.9375,1.3623E+12
7/15/2020,696166.75,698685.6875,688936.375,690849.5625,690849.5625,1.19075E+12
7/16/2020,690785.125,692463.4375,684093.1875,686567.75,686567.75,1.18139E+12
7/17/2020,686536.5,688381.1875,683085.375,685416.75,685416.75,1.04441E+12
7/18/2020,685401.1875,691377.9375,681629.375,685989.5625,685989.5625,9.1769E+11
7/19/2020,685912.125,689162.125,681390.3125,687995.0625,687995.0625,9.69099E+11
7/20/2020,688100.1875,690701.75,683883.625,685029.5,685029.5,1.02824E+12
7/21/2020,684901.125,701946.875,683920.125,698836.9375,698836.9375,1.34697E+12
7/22/2020,698851.3125,711032.5,697086.8125,710687.8125,710687.8125,1.23347E+12
7/23/2020,710820.5625,719008,710468.4375,717179.625,717179.625,1.35833E+12
7/24/2020,717512.1875,719101,709836.6875,712641.4375,712641.4375,1.2369E+12
7/25/2020,712835.1875,725170.125,712142.25,723119.375,723119.375,1.24118E+12
7/26/2020,723352.625,749026,721306.125,740510.875,740510.875,1.53318E+12
7/27/2020,740514.6875,844274.75,740086.625,822141.9375,822141.9375,2.64499E+12
7/28/2020,824131,838111.1875,796006.5,817375.875,817375.875,2.15463E+12
7/29/2020,817385.625,845689.875,813217.8125,830489.3125,830489.3125,1.84176E+12
7/30/2020,830441.75,836322.375,815859.1875,830777.6875,830777.6875,1.70902E+12
7/31/2020,830702.6875,855488.1875,821144.875,848466.1875,848466.1875,1.73541E+12
8/1/2020,848399.0625,883781.3125,842188.3125,881145.125,881145.125,1.95385E+12
8/2/2020,881083.0625,901717.1875,825587.375,828115.3125,828115.3125,2.05351E+12
8/3/2020,827377.75,861675.75,825028.625,845338.0625,845338.0625,1.52373E+12
8/4/2020,845327.125,855775.9375,834275.4375,841131.125,841131.125,1.59507E+12
8/5/2020,840975.75,882705.0625,837241.1875,878648.375,878648.375,1.8259E+12
8/6/2020,878861.4375,892378.25,867960.875,882346.75,882346.75,1.7528E+12
8/7/2020,882280.875,892382.75,855681.0625,870409.25,870409.25,1.73552E+12
8/8/2020,870640.375,885308.8125,867180.0625,881853.25,881853.25,1.31835E+12
8/9/2020,880598.75,885755.375,865821.0625,875972.8125,875972.8125,1.31216E+12
8/10/2020,874961.3125,902903.8125,874961.3125,889387.3125,889387.3125,1.95532E+12
8/11/2020,889652.125,893479.0625,836220.375,851413.5,851413.5,2.01761E+12
8/12/2020,850971.125,877887.6875,841526.75,866195.5625,866195.5625,1.87405E+12
8/13/2020,866455.0625,882652.9375,839458.8125,881735.6875,881735.6875,2.05932E+12
8/14/2020,880876.875,909529.1875,874945.5625,880955.25,880955.25,1.81433E+12
8/15/2020,880942.3125,895502,880942.3125,888203.3125,888203.3125,1.74823E+12
8/16/2020,888277.1875,893383.4375,878583.75,890807.1875,890807.1875,1.54176E+12
8/17/2020,891020.9375,923830.75,883527.0625,915978.5625,915978.5625,2.10993E+12
8/18/2020,915791.25,922063.25,892194.375,894266,894266,1.94222E+12
8/19/2020,894240,897081.625,876323.25,881539.6875,881539.6875,1.83702E+12
8/20/2020,881780.8125,892342.1875,878565.0625,890749,890749,1.51292E+12
8/21/2020,890723.125,892505.75,866555.8125,868617.0625,868617.0625,1.7805E+12
8/22/2020,868091.75,875879.125,857851,875311,875311,1.51538E+12
8/23/2020,875151.4375,877679.125,866176.8125,873954.3125,873954.3125,1.38471E+12
8/24/2020,873867.5625,875105.5,870837.75,873601.4375,873601.4375,1.53444E+12
8/25/2020,873526.75,873591.0625,830927.5625,843803.6875,843803.6875,1.95258E+12
8/26/2020,843860.0625,856043.6875,838498.4375,853137.9375,853137.9375,1.6684E+12
8/27/2020,852933.3125,855094.4375,826108.625,835375.125,835375.125,1.71454E+12
8/28/2020,835515.1875,844313.5625,837245.6875,844085.6875,844085.6875,1.44847E+12
8/29/2020,843980,847240.5,838512.8125,841479.8125,841479.8125,1.2787E+12
8/30/2020,841615,856720.3125,840420.625,856445.4375,856445.4375,1.44503E+12
8/31/2020,856577.125,863236.4375,853660.75,857813.75,857813.75,1.63663E+12
9/1/2020,857703.3125,881649.3125,852007.75,874639.1875,874639.1875,1.99556E+12
9/2/2020,874225.9375,874225.9375,827301.8125,836109.375,836109.375,2.05382E+12
9/3/2020,835608.125,838189.375,747916.3125,752531.375,752531.375,2.3451E+12
9/4/2020,751434.625,780135.0625,748254.3125,769950.4375,769950.4375,2.19483E+12
9/5/2020,770002.875,775059.875,728556.1875,744882.125,744882.125,3.28997E+12
9/6/2020,744710,758517,736628.6875,753452.625,753452.625,2.71699E+12
9/7/2020,753499.9375,764267.625,728510.75,761595.1875,761595.1875,2.47533E+12
9/8/2020,761576.3125,768096.375,734651.8125,747574.6875,747574.6875,2.46677E+12
9/9/2020,747769.125,759233,738947.5625,751046.25,751046.25,1.76927E+12
9/10/2020,751045,770357.4375,750737.4375,762048.75,762048.75,4.00075E+12
9/11/2020,762481.8125,766641.25,745097.875,764222.8125,764222.8125,3.32122E+12
9/12/2020,764880.1875,777296,756248.5625,767254.125,767254.125,2.70027E+12
9/13/2020,768005.6875,777176.75,751248,758577.6875,758577.6875,2.68248E+12
9/14/2020,758943.4375,792928.1875,754339.6875,783969.75,783969.75,2.60228E+12
9/15/2020,783743.5,805171.375,784334.625,794767.375,794767.375,2.39303E+12
9/16/2020,794827.0625,815449,787992.4375,807217.4375,807217.4375,2.26317E+12
9/17/2020,807095.875,812299.5625,793557.125,805666.625,805666.625,2.80735E+12
9/18/2020,805874.875,810188.4375,796956.625,805632.625,805632.625,1.93903E+12
9/19/2020,804835.1875,819582.25,803058.625,816656.5,816656.5,1.67568E+12
9/20/2020,816768.625,816768.625,796055.25,804346.375,804346.375,1.81628E+12
9/21/2020,804100.375,806349.1875,764050.5,769813.625,769813.625,2.12536E+12
9/22/2020,769619.6875,776882.5625,764245.6875,774611.125,774611.125,1.73628E+12
9/23/2020,774684.3125,782580.75,750730.5,754483.6875,754483.6875,1.696E+12
9/24/2020,754602.875,795888.3125,753411.25,794391.5625,794391.5625,1.70163E+12
9/25/2020,794533.8125,792858.25,781079.5625,788753.4375,788753.4375,1.56483E+12
9/26/2020,788749.5625,794370,787264.125,792596.6875,792596.6875,1.33433E+12
9/27/2020,792486.3125,796303.375,784417.5625,794070.375,794070.375,1.32784E+12
9/28/2020,793865.125,807396.0625,790289,790859.25,790859.25,1.67597E+12
9/29/2020,790205.375,800548.1875,786830.4375,799846.3125,799846.3125,1.50843E+12
9/30/2020,799594.25,800413.8125,788336.5625,793269.0625,793269.0625,1.52656E+12
10/1/2020,793077.375,799047.4375,768765.125,778205.125,778205.125,1.99092E+12
10/2/2020,778282.8125,781770.75,766867,776131.75,776131.75,1.69579E+12
10/3/2020,776032.1875,778252.8125,771938.75,774689.4375,774689.4375,1.25338E+12
10/4/2020,774867.375,784609.8125,772185.4375,783410.6875,783410.6875,1.28658E+12
10/5/2020,783675,789945.875,780011.75,789945.875,789945.875,1.41737E+12
10/6/2020,789637.125,789906.0625,777761.1875,781949.875,781949.875,1.63911E+12
10/7/2020,781813,783910.625,778694.6875,783190.8125,783190.8125,1.29328E+12
10/8/2020,783079.9375,802138.375,774026,800505.3125,800505.3125,1.60943E+12
10/9/2020,null,null,null,null,null,null
10/10/2020,806888.3125,834837.4375,806727.625,824196.0625,824196.0625,1.6692E+12
10/11/2020,824175.6875,833859.9375,823631.8125,831216.6875,831216.6875,1.45801E+12
10/12/2020,null,null,null,null,null,null
10/13/2020,null,null,null,null,null,null
10/14/2020,839104.125,845284.3125,828964.625,837731.9375,837731.9375,1.76667E+12
10/15/2020,837519.0625,848900.8125,830131,843431.0625,843431.0625,1.79667E+12
10/16/2020,843979.75,846780.875,823297.9375,831547.75,831547.75,1.88279E+12
10/17/2020,831547.75,836258.375,828846.6875,834190.1875,834190.1875,1.40503E+12
10/18/2020,834034.5625,843384.5,833417.375,843384.5,843384.5,1.3428E+12
10/19/2020,844242.1875,865449.4375,837054.75,861833.8125,861833.8125,1.75132E+12
10/20/2020,862122.875,881448,856953.375,875624.8125,875624.8125,2.27173E+12
10/21/2020,875385.4375,971858.125,874730.875,945436.75,945436.75,3.20078E+12
10/22/2020,943810.8125,969913.375,937535.9375,955938.875,955938.875,2.56053E+12
10/23/2020,956355.9375,958655.4375,941559.1875,954789.1875,954789.1875,2.13934E+12
10/24/2020,954791.75,970554.8125,951408.125,967822.6875,967822.6875,1.81206E+12
10/25/2020,967822.6875,984149,953203.375,962171.1875,962171.1875,1.80211E+12
10/26/2020,962173.1875,978685.3125,948453,966898.375,966898.375,2.17864E+12
10/27/2020,966898,1015658.938,965728.0625,1007752.875,1007752.875,2.49092E+12
10/28/2020,1007752.563,1019734.375,957976.625,984616.5625,984616.5625,2.66105E+12
10/29/2020,984617.5625,1012870.438,966485.5,998199.5625,998199.5625,4.19692E+12
10/30/2020,998198.8125,1016995.625,980091.75,1010758.25,1010758.25,2.2818E+12
10/31/2020,1010759.063,1046699.188,1004118.188,1028253.188,1028253.188,2.26128E+12
11/1/2020,1028253.188,1034299.813,1016865.875,1025276.063,1025276.063,1.82513E+12
11/2/2020,1025270.25,1031586.063,986205.625,1008973.5,1008973.5,2.29125E+12
11/3/2020,1008970.625,1044144.625,991763.875,1041555.25,1041555.25,2.23015E+12
11/4/2020,1041569.25,1056543.875,1016294.625,1048590.375,1048590.375,2.60531E+12
11/5/2020,1048592.375,1164434.25,1046237.5,1155050.875,1155050.875,3.02899E+12
11/6/2020,1155042,1176536.375,1126938.375,1151581.75,1151581.75,2.94725E+12
11/7/2020,1151581.75,1164248.375,1067045.125,1097418.25,1097418.25,2.59119E+12
11/8/2020,1097418.125,1156867,1090786.25,1145147.375,1145147.375,1.97019E+12
11/9/2020,1145149.5,1167243.875,1101734.75,1133938.25,1133938.25,2.52558E+12
11/10/2020,1133940.75,1145966.25,1124124.875,1135889.25,1135889.25,1.89984E+12
11/11/2020,1135889.75,1185911.125,1135822.75,1170436.875,1170436.875,2.21934E+12
11/12/2020,1170433.75,1217627.5,1159283.125,1218894.75,1218894.75,2.55934E+12
11/13/2020,1218901.875,1229186.25,1191920.875,1216295.125,1216295.125,2.35536E+12
11/14/2020,1216295.125,1216295.125,1173911.75,1197685.375,1197685.375,2.04843E+12
11/15/2020,1197685.375,1201782.75,1177216.875,1189296,1189296,1.76311E+12
11/16/2020,1189295.25,1249956.125,1184542.625,1243985.5,1243985.5,2.34617E+12
11/17/2020,1241721.625,1323503.75,1232982.75,1315554.25,1315554.25,2.90816E+12
11/18/2020,1315538.125,1370303.875,1285986.75,1321773.875,1321773.875,3.64258E+12
11/19/2020,1321763.125,1343927.625,1290906.875,1320301.625,1320301.625,2.74071E+12
11/20/2020,1320301.125,1391527.125,1316624,1381006,1381006,2.74349E+12
11/21/2020,1381006.125,1404390,1367882.5,1382557.375,1382557.375,2.94056E+12
11/22/2020,1382557.375,1386023.5,1310556.75,1362157.375,1362157.375,3.06099E+12
11/23/2020,1362158.5,1385646.625,1334219.875,1363430.5,1363430.5,3.17328E+12
11/24/2020,1363496.875,1432885.5,1340972.125,1413212.875,1413212.875,3.80676E+12
11/25/2020,1412987,1432784.125,1371111.125,1382251.625,1382251.625,3.22541E+12
11/26/2020,1382083.375,1392131.875,1206936.125,1266291.375,1266291.375,4.53315E+12
11/27/2020,1266534.25,1288080.625,1223648.75,1264934.5,1264934.5,2.87513E+12
11/28/2020,1265269.625,1320521.125,1250753.25,1310423.375,1310423.375,2.41125E+12
11/29/2020,1310587.625,1352301.875,1298715.375,1344213.625,1344213.625,2.30234E+12
11/30/2020,1344275.625,1460409.875,1344275.625,1452322.5,1452322.5,3.53193E+12
12/1/2020,1452909.75,1461725.75,1349377.375,1385217,1385217,3.65651E+12
12/2/2020,1385124.625,1423786.75,1347150,1414407.125,1414407.125,2.75408E+12
12/3/2020,1414763.25,1444759,1397163.375,1437778.25,1437778.25,2.3609E+12
12/4/2020,1437894.25,1441099.75,1379825.75,1380015.625,1380015.625,2.49973E+12
12/5/2020,1379913.75,1414013.375,1371929.375,1413554.5,1413554.5,2.01045E+12
12/6/2020,1413550.75,1431076.625,1394637.125,1427727.5,1427727.5,1.86676E+12
12/7/2020,1427580.5,1432650.625,1397255.875,1416537,1416537,1.98522E+12
12/8/2020,1416529.5,1422506.5,1346952.625,1350741.875,1350741.875,2.33654E+12
12/9/2020,1350722.75,1374761,1319207.5,1369604.5,1369604.5,2.54083E+12
12/10/2020,1369559.125,1369559.125,1323462.625,1347820.25,1347820.25,1.88519E+12
12/11/2020,1347741.875,1348075.625,1300480,1331632.875,1331632.875,2.05875E+12
12/12/2020,1331073.625,1395095.5,1330684.375,1386549.75,1386549.75,1.604E+12
12/13/2020,1386779,1429161.5,1381437.875,1411568.625,1411568.625,1.87673E+12
12/14/2020,1411724.25,1421642.25,1401962,1417556.75,1417556.75,1.65526E+12
12/15/2020,1417577.125,1434595.25,1405073,1427655.25,1427655.25,1.96622E+12
12/16/2020,1427783.25,1579503.5,1423360.875,1568584.75,1568584.75,3.26876E+12
12/17/2020,1568419.375,1737833.625,1563722.75,1676864.375,1676864.375,5.24847E+12
12/18/2020,1676984.625,1708066.25,1646619.375,1703118.125,1703118.125,2.97284E+12
12/19/2020,1702743.125,1772890,1680190.375,1756989.125,1756989.125,2.83296E+12
12/20/2020,1756395.375,1782002.875,1703835.875,1727846,1727846,2.7852E+12
12/21/2020,1727637,1773343.25,1640704.25,1685955.875,1685955.875,3.39014E+12
12/22/2020,1685287.375,1763343.25,1657446.625,1762833.75,1762833.75,3.27407E+12
12/23/2020,1762755.625,1772905.25,1683869.25,1716141.375,1716141.375,3.77663E+12
12/24/2020,1716057,1748355.125,1678788.625,1745972.625,1745972.625,3.02182E+12
12/25/2020,1745797.625,1817651.625,1726106.125,1814318.625,1814318.625,3.09451E+12
12/26/2020,1815217.875,1965356,1803865.75,1944683.375,1944683.375,3.5553E+12
12/27/2020,1944855.25,2089131,1914396.625,1936930.75,1936930.75,4.90125E+12
12/28/2020,1937559.5,2013748.875,1932164.125,1991956.25,1991956.25,3.60789E+12
12/29/2020,1991735.75,2010052.25,1907740.5,2009443.875,2009443.875,3.32424E+12
12/30/2020,2009271.625,2117999.5,2009271.625,2110859.25,2110859.25,3.75371E+12
12/31/2020,2110904.75,2140422.25,2058085.375,2118790.25,2118790.25,3.4158E+12
1/1/2021,2118227,2163227.25,2104315,2147022.75,2147022.75,2.97707E+12
1/2/2021,2147191.25,2423382.25,2126340,2348254.25,2348254.25,4.96044E+12
1/3/2021,2348410.75,2529617.25,2342776,2395940.25,2395940.25,5.74941E+12
1/4/2021,2398054.25,2437574.75,2097177.5,2336819,2336819,5.93222E+12
1/5/2021,2337193.75,2518591.25,2209558.75,2487166.5,2487166.5,4.94232E+12
1/6/2021,2488716.75,2697471.5,2454056.75,2693424.25,2693424.25,5.50685E+12
1/7/2021,2694120,2951202,2671167,2891625.75,2891625.75,6.2254E+12
1/8/2021,2892413.25,3074446,2704389,2993704.25,2993704.25,6.46528E+12
1/9/2021,2993046,3038962,2860393.25,2953814.25,2953814.25,4.5483E+12
1/10/2021,2953790,3039347.25,2640494.25,2813688.5,2813688.5,5.8671E+12
1/11/2021,2812961.5,2812961.5,2245556,2614815.75,2614815.75,9.06637E+12
1/12/2021,2611118.25,2680655.75,2397142.75,2481337.5,2481337.5,5.46939E+12
1/13/2021,2480764,2751168.5,2383596.25,2730439.75,2730439.75,5.07539E+12
1/14/2021,2731080,2920723.25,2697886.5,2864221.75,2864221.75,4.64973E+12
1/15/2021,2861983.75,2891636.5,2536069.75,2694199,2694199,4.95748E+12
1/16/2021,2693927,2770214,2605899.75,2645725.5,2645725.5,4.22008E+12
1/17/2021,2644665.75,2686699,2492596.75,2617995.75,2617995.75,3.82992E+12
1/18/2021,2618066,2734263.25,2555848.5,2680935.25,2680935.25,3.62373E+12
1/19/2021,2681825,2762476,2640030.25,2640030.25,2640030.25,4.18983E+12
1/20/2021,2638588.75,2662615.25,2448464.5,2591756.25,2591756.25,4.87285E+12
1/21/2021,2591876.25,2592080.25,2207020.75,2248893.5,2248893.5,5.51855E+12
1/22/2021,2248304.5,2467827.25,2112309.25,2409401,2409401,5.63608E+12
1/23/2021,2407940.5,2435331.5,2298981.75,2340918.75,2340918.75,3.52987E+12
1/24/2021,2340680.25,2404893,2270769.5,2356991,2356991,3.5508E+12
1/25/2021,2356729.75,2538292.5,2340924.5,2361793.5,2361793.5,4.37072E+12
1/26/2021,2361225.75,2391150.75,2262643.25,2374998.5,2374998.5,4.39383E+12
1/27/2021,2374574,2374574,2145692.75,2222773.5,2222773.5,4.57057E+12
1/28/2021,2223394,2331062.75,2194028.5,2308492.25,2308492.25,5.7584E+12
1/29/2021,2503171.25,2798397.5,2340426.75,2501913.5,2501913.5,8.59537E+12
1/30/2021,2500422.25,2539702.75,2401578.5,2498482.75,2498482.75,4.74929E+12
1/31/2021,2498581.5,2499854,2352716.75,2414384.5,2414384.5,3.84636E+12
2/1/2021,2414400.5,2530964,2361031.75,2452240,2452240,4.4896E+12
2/2/2021,2451949.25,2617681.5,2448733.25,2589344.75,2589344.75,4.6003E+12
2/3/2021,2589383.5,2729425.25,2585644,2730151,2730151,4.45651E+12
2/4/2021,2730370.75,2814054.75,2649159.75,2695098.25,2695098.25,5.02424E+12
2/5/2021,2695498.5,2785829.25,2675466.75,2776459.25,2776459.25,4.26525E+12
2/6/2021,2776028.5,2973150.75,2776028.5,2858106.25,2858106.25,5.1917E+12
2/7/2021,2856954.75,2884006,2725642,2831977.75,2831977.75,4.76812E+12
2/8/2021,2830768.5,3369659.75,2773193.75,3369115,3369115,7.40002E+12
2/9/2021,3368278.5,3498895.5,3293362,3386420.25,3386420.25,6.68888E+12
2/10/2021,3385593.75,3435026.25,3196202.75,3270382.75,3270382.75,6.35618E+12
2/11/2021,3268965,3524534.75,3218205.5,3483475.5,3483475.5,5.91777E+12
2/12/2021,3481127.25,3546137.5,3373314.5,3448422.25,3448422.25,5.5572E+12
2/13/2021,3447431.5,3487831.5,3367664.5,3419439,3419439,5.09955E+12
2/14/2021,3420091.75,3592359.75,3420091.75,3536634,3536634,5.1723E+12
2/15/2021,3535127.25,3548124.5,3363142,3482678.5,3482678.5,5.59828E+12
2/16/2021,3482635,3660943.5,3427775.25,3588405,3588405,5.61963E+12
2/17/2021,3588945,3821847.5,3579116,3796127,3796127,5.88324E+12
2/18/2021,3795542,3819792.25,3702869.5,3752245,3752245,3.77947E+12
2/19/2021,3751968,4071219.25,3697975,4054759.5,4054759.5,4.60668E+12
2/20/2021,4054701.75,4172082,3963230.75,4071170.25,4071170.25,4.94535E+12
2/21/2021,4068924,4232134,4040189,4175234.25,4175234.25,3.76581E+12
2/22/2021,4174711.5,4174758.75,3551176.75,3927762,3927762,6.66995E+12
2/23/2021,3927589,3927589,3283611.25,3534027,3534027,7.67995E+12
2/24/2021,3534798.75,3712092.75,3417438.25,3598459.75,3598459.75,4.61129E+12
2/25/2021,3598731.25,3773175.5,3444981.25,3444981.25,3444981.25,3.98723E+12
2/26/2021,3451317,3578067.25,3252707.5,3410439.5,3410439.5,2.583E+13
2/27/2021,3410808.5,3551267,3331637.25,3399303.75,3399303.75,3.37888E+12
2/28/2021,3399713.25,3438161.25,3182427.5,3326373.5,3326373.5,3.93848E+12
3/1/2021,3327975.25,3649731,3324702.5,3638530.75,3638530.75,3.95084E+12
3/2/2021,3637128,3674925.5,3460037,3545103.5,3545103.5,3.48296E+12
3/3/2021,3547802,3825755.5,3537433.5,3689294.5,3689294.5,3.88512E+12
3/4/2021,3688131,3775394.25,3487875,3551448,3551448,3.82809E+12
3/5/2021,3548951.5,3613869.75,3403796,3580544.25,3580544.25,3.55849E+12
3/6/2021,3578489.75,3596637.75,3458348.25,3579452,3579452,2.51476E+12
3/7/2021,3579913,3760474.75,3579913,3747472,3747472,3.15694E+12
3/8/2021,3745088,3837072.25,3619412.5,3831271.25,3831271.25,3.56368E+12
3/9/2021,3833210.5,3989882.75,3812786.5,3989882.75,3989882.75,3.70519E+12
3/10/2021,3989875,4164058,3889622,4072166,4072166,4.16574E+12
3/11/2021,4068867.25,4219685.5,3960319.25,4198921,4198921,4.1239E+12
3/12/2021,4200090,4212831,4026679.75,4167426.5,4167426.5,4.04806E+12
3/13/2021,4168246.5,4483754,4086442.25,4451714,4451714,4.41004E+12
3/14/2021,4450118.5,4477506.5,4310706.5,4310706.5,4310706.5,3.1912E+12
3/15/2021,4308170.5,4402540,4017405.25,4054141.25,4054141.25,4.81644E+12
3/16/2021,4049325.25,4121218.25,3886201.75,4119249.75,4119249.75,4.3328E+12
3/17/2021,4120767.25,4263208,3958972,4272263.5,4272263.5,4.37295E+12
3/18/2021,4273873.5,4366282.5,3941986.5,4204622,4204622,4.05108E+12
3/19/2021,4204006,4311526,4116323.5,4226751,4226751,3.55429E+12
3/20/2021,4225708.5,4348789.5,4217090.5,4224360,4224360,3.64831E+12
3/21/2021,4224089.5,4257267,4057161.75,4165414.75,4165414.75,3.76135E+12
3/22/2021,4165014.25,4231253.5,3929445,3946860.5,3946860.5,4.09107E+12
3/23/2021,3945595,4061500,3868578,3974729,3974729,4.09789E+12
3/24/2021,3972662.75,4158823.5,3815234.25,3833831.5,3833831.5,5.12642E+12
3/25/2021,3830379.5,3876474,3695673.25,3754396.75,3754396.75,4.93767E+12
3/26/2021,3752861,3994554.75,3745370.5,3994554.75,3994554.75,4.1043E+12
3/27/2021,3994573,4098219.75,3929757.5,4055135,4055135,3.42434E+12
3/28/2021,4055238.5,4101269.5,3989758.5,4053488.75,4053488.75,3.45477E+12
3/29/2021,4053282.5,4238953.5,4002151.5,4200873.5,4200873.5,4.19181E+12
3/30/2021,4200868.5,4367168.5,4167999,4327242,4327242,3.99647E+12
3/31/2021,4328166.5,4399296,4242098,4313079,4313079,4.79637E+12
4/1/2021,4313645,4372515,4296275.5,4330986.5,4330986.5,4.51958E+12
4/2/2021,4331211.5,4416861.5,4314397,4357392.5,4357392.5,4.30922E+12
4/3/2021,4358353,4410660,4226751.5,4226751.5,4226751.5,4.37625E+12
4/4/2021,4226821.5,4322864,4194817.5,4311483,4311483,3.72382E+12
4/5/2021,4311653,4385289,4235815,4327746.5,4327746.5,4.44854E+12
4/6/2021,4336104.5,4357601.5,4236046,4276035.5,4276035.5,4.85401E+12
4/7/2021,4275605.5,4339996.5,4137898.5,4170133.5,4170133.5,5.62814E+12
4/8/2021,4173926,4348846,4157496,4347744,4347744,3.95489E+12
4/9/2021,4347938.5,4402753.5,4327570.5,4352631.5,4352631.5,3.48653E+12
4/10/2021,4353287.5,4579187,4337215,4468330.5,4468330.5,4.35214E+12
4/11/2021,4472291,4542860,4430708.5,4499101.5,4499101.5,3.45851E+12
4/12/2021,4496932.5,4587947,4473311.5,4491485.5,4491485.5,3.8867E+12
4/13/2021,4491228,4798035,4489723.5,4774301,4774301,5.26148E+12
4/14/2021,4775827,4874119,4619650,4734890.5,4734890.5,5.81092E+12
4/15/2021,4732302,4769128.5,4671974,4731307.5,4731307.5,4.55498E+12
4/16/2021,4727160,4750986,4480725,4591076.5,4591076.5,6.28517E+12
4/17/2021,4587880,4665594,4500174,4524215.5,4524215.5,4.9309E+12
4/18/2021,4525562.5,4552071.5,3938648,4191673,4191673,7.26762E+12
4/19/2021,4189838.5,4303363.5,4071117.5,4172547,4172547,4.89292E+12
4/20/2021,4169366.75,4305217,3994477.5,4260859.5,4260859.5,5.11919E+12
4/21/2021,4260716,4282363.5,4050096.5,4066144.75,4066144.75,4.14312E+12
4/22/2021,4062450.25,4158152.5,3798290,3886924.75,3886924.75,5.61677E+12
4/23/2021,3885237.75,3913857.75,3576298.5,3825294.75,3825294.75,6.48874E+12
4/24/2021,3829006.5,3830828.5,3654017.5,3747273.5,3747273.5,3.66968E+12
4/25/2021,3747420.5,3781350.25,3532815.75,3668868,3668868,3.45271E+12
4/26/2021,3674374,4058248.5,3657532.75,4041646,4041646,4.36053E+12
4/27/2021,4042285.5,4132692.5,3980517.25,4104108.5,4104108.5,3.68761E+12
4/28/2021,4104371,4180402.75,4011338.5,4074136.75,4074136.75,3.56702E+12
4/29/2021,4076617.75,4095771.75,3884173.5,3968757.5,3968757.5,3.41547E+12
4/30/2021,3969762,4290183,3937224.75,4279028.5,4279028.5,3.8823E+12
5/1/2021,4276397,4330759,4227317,4284798.5,4284798.5,3.17399E+12
5/2/2021,4284636.5,4290321.5,4159862.75,4196083,4196083,2.82876E+12
5/3/2021,4195282.5,4365466.5,4193109,4223535,4223535,3.81838E+12
5/4/2021,4224560.5,4224560.5,3924418,3934903,3934903,5.05865E+12
5/5/2021,3928899.5,4271334,3908011.75,4237814,4237814,5.10992E+12
5/6/2021,4239090.5,4302187,4076498.25,4151654.75,4151654.75,5.11799E+12
5/7/2021,4152938.5,4294404,4072324,4203679.5,4203679.5,5.01556E+12
5/8/2021,4203413,4358518,4175741.75,4310081.5,4310081.5,4.79231E+12
5/9/2021,4315477,4339921,4139905,4267878.5,4267878.5,4.83034E+12
5/10/2021,4269238.5,4365943,3972143.25,4105709.25,4105709.25,5.27559E+12
5/11/2021,4104786.25,4172762.5,4012453,4160718,4160718,4.49853E+12
5/12/2021,4161448.75,4256196.5,3621502,3621502,3621502,5.54201E+12
5/13/2021,3664598.5,3777385.5,3461574.5,3651423,3651423,7.10372E+12
5/14/2021,3648984,3768570.25,3585600.75,3655200.5,3655200.5,4.08439E+12
5/15/2021,3653365.75,3710829,3419506.25,3426544.5,3426544.5,4.33527E+12
5/16/2021,3423353.25,3643440,3221594.75,3404260.75,3404260.75,4.69337E+12
5/17/2021,3401317.75,3416539.75,3095333.25,3189991.25,3189991.25,5.48819E+12
5/18/2021,3186367.75,3345688.5,3098751.5,3137897.75,3137897.75,4.10889E+12
5/19/2021,3140499.25,3184372.5,2246731,2709442.75,2709442.75,9.25236E+12
5/20/2021,2691227,3103174.25,2566530.5,2978043.25,2978043.25,6.44654E+12
5/21/2021,2964476.5,3079511.5,2451190.75,2720086.5,2720086.5,5.98283E+12
5/22/2021,2724923.5,2831381.75,2580015.5,2736998.5,2736998.5,4.18369E+12
5/23/2021,2736620.5,2791873.75,2276954,2535125,2535125,5.7212E+12
5/24/2021,2530005.25,2904816.25,2517616.5,2819221.5,2819221.5,4.90626E+12
5/25/2021,2825762.25,2897192.25,2662253.75,2795880,2795880,4.09252E+12
5/26/2021,2795181,2964039.25,2759740.25,2855617.5,2855617.5,3.73151E+12
5/27/2021,2857266.5,2931485.5,2710549,2793746.75,2793746.75,3.14074E+12
5/28/2021,2775090.5,2817991.75,2650561,2671672.75,2671672.75,3.00715E+12
